,Kalispell_GRBD,Kalispell_ST5R,Wurtz,Nyack_HA15,Nyack_19,Nyack_9
Kalispell_GRBD,0,0.006096,0.034972,0.055822,0.052225,0.052039
Kalispell_ST5R,0.006096,0,0.037851,0.05915,0.056221,0.053163
Wurtz,0.034972,0.037851,0,0.033417,0.029483,0.028236
Nyack_HA15,0.055822,0.05915,0.033417,0,0.008268,0.009222
Nyack_19,0.052225,0.056221,0.029483,0.008268,0,0.006789
Nyack_9,0.052039,0.053163,0.028236,0.009222,0.006789,0